Index,Labels
0,_
1,_
2,_
3,_
4,_
5,_
6,_
7,_
8,_
9,_
10,_
11,_
12,_
13,_
14,_
15,_
16,_
17,_
18,_
19,_
20,_
21,_
22,_
23,_
24,_
25,_
26,_
27,_
28,_
29,_
30,_
31,_
32,_
33,_
34,_
35,_
36,_
37,_
38,_
39,_
40,_
41,_
42,_
43,_
44,_
45,_
46,_
47,_
48,_
49,_
50,_
51,_
52,_
53,_
54,_
55,_
56,_
57,_
58,_
59,_
60,_
61,_
62,_
63,_
64,_
65,_
66,_
67,_
68,_
69,_
70,_
71,_
72,_
73,_
74,_
75,_
76,_
77,_
78,_
79,_
80,_
81,_
82,_
83,_
84,_
85,_
86,_
87,_
88,_
89,_
90,_
91,_
92,_
93,_
94,_
95,_
96,_
97,_
98,_
99,_
100,_
101,_
102,_
103,_
104,_
105,_
106,_
107,_
108,_
109,_
110,_
111,_
112,_
113,_
114,_
115,_
116,_
117,_
118,_
119,_
120,_
121,_
122,_
123,_
124,_
125,_
126,_
127,_
128,_
129,_
130,_
131,_
132,_
133,_
134,_
135,_
136,_
137,_
138,_
139,_
140,_
141,_
142,_
143,_
144,_
145,_
146,_
147,_
148,_
149,_
150,_
151,_
152,_
153,_
154,_
155,_
156,_
157,_
158,_
159,_
160,_
161,_
162,_
163,_
164,_
165,_
166,_
167,_
168,_
169,_
170,_
171,_
172,_
173,_
174,_
175,_
176,_
177,_
178,_
179,_
180,_
181,_
182,_
183,_
184,_
185,_
186,_
187,_
188,_
189,_
190,_
191,_
192,_
193,_
194,_
195,_
196,_
197,_
198,_
199,_
200,_
201,_
202,_
203,_
204,_
205,_
206,_
207,_
208,_
209,_
210,_
211,_
212,_
213,_
214,_
215,_
216,_
217,_
218,_
219,_
220,_
221,_
222,_
223,_
224,_
225,_
226,_
227,_
228,_
229,_
230,_
231,_
232,_
233,_
234,_
235,_
236,_
237,_
238,_
239,_
240,_
241,_
242,_
243,_
244,_
245,_
246,_
247,_
248,_
249,_
250,_
251,_
252,_
253,_
254,_
255,_
256,_
257,_
258,_
259,_
260,_
261,_
262,_
263,_
264,_
265,_
266,_
267,_
268,_
269,_
270,_
271,_
272,_
273,_
274,_
275,_
276,_
277,_
278,_
279,_
280,_
281,_
282,_
283,_
284,_
285,_
286,_
287,_
288,_
289,_
290,_
291,_
292,_
293,_
294,_
295,_
296,_
297,_
298,_
299,_
300,_
301,_
302,_
303,_
304,_
305,_
306,_
307,_
308,_
309,_
310,_
311,_
312,_
313,_
314,_
315,_
316,_
317,_
318,_
319,_
320,_
321,_
322,_
323,_
324,_
325,_
326,_
327,_
328,_
329,_
330,_
331,_
332,_
333,_
334,_
335,_
336,_
337,_
338,_
339,_
340,_
341,_
342,_
343,_
344,_
345,_
346,_
347,_
348,_
349,_
350,_
351,_
352,_
353,_
354,_
355,_
356,_
357,_
358,_
359,_
360,_
361,_
362,_
363,_
364,_
365,_
366,_
367,_
368,_
369,_
370,_
371,_
372,_
373,_
374,_
375,_
376,_
377,_
378,_
379,_
380,_
381,_
382,_
383,_
384,_
385,_
386,_
387,_
388,_
389,_
390,_
391,_
392,_
393,_
394,_
395,_
396,_
397,_
398,_
399,_
400,_
401,_
402,_
403,_
404,_
405,_
406,_
407,_
408,_
409,_
410,_
411,_
412,_
413,_
414,_
415,_
416,_
417,_
418,_
419,_
420,_
421,_
422,_
423,_
424,_
425,_
426,_
427,_
428,_
429,_
430,_
431,_
432,_
433,_
434,_
435,_
436,_
437,_
438,_
439,_
440,_
441,_
442,_
443,_
444,_
445,_
446,_
447,_
448,_
449,_
450,_
451,_
452,_
453,_
454,_
455,_
456,_
457,_
458,_
459,_
460,_
461,_
462,_
463,_
464,_
465,_
466,_
467,_
468,_
469,_
470,_
471,_
472,_
473,_
474,_
475,_
476,_
477,_
478,_
479,_
480,_
481,_
482,_
483,_
484,_
485,_
486,_
487,_
488,_
489,_
490,_
491,_
492,_
493,_
494,_
495,_
496,_
497,_
498,_
499,_
500,_
501,_
502,_
503,_
504,_
505,_
506,_
507,_
508,_
509,_
510,_
511,_
512,_
513,_
514,_
515,_
516,_
517,_
518,_
519,_
520,_
521,_
522,_
523,_
524,_
525,_
526,_
527,_
528,_
529,_
530,_
531,_
532,_
533,_
534,_
535,_
536,_
537,_
538,_
539,_
540,_
541,_
542,_
543,_
544,_
545,_
546,_
547,_
548,_
549,_
550,_
551,_
552,_
553,_
554,_
555,_
556,_
557,_
558,_
559,_
560,_
561,_
562,_
563,_
564,_
565,_
566,_
567,_
568,_
569,_
570,_
571,_
572,_
573,_
574,_
575,_
576,_
577,_
578,_
579,_
580,_
581,_
582,_
583,_
584,_
585,_
586,_
587,_
588,_
589,_
590,_
591,_
592,_
593,_
594,_
595,_
596,_
597,_
598,_
599,_
600,_
601,_
602,_
603,_
604,_
605,_
606,_
607,_
608,_
609,_
610,_
611,_
612,_
613,_
614,_
615,_
616,_
617,_
618,_
619,_
620,_
621,_
622,_
623,_
624,_
625,_
626,_
627,_
628,_
629,_
630,_
631,_
632,_
633,_
634,_
635,_
636,_
637,_
638,_
639,_
640,_
641,_
642,_
643,_
644,_
645,_
646,_
647,_
648,_
649,_
650,_
651,_
652,_
653,_
654,_
655,_
656,_
657,_
658,_
659,_
660,_
661,_
662,_
663,_
664,_
665,_
666,_
667,_
668,_
669,_
670,_
671,_
672,_
673,_
674,_
675,_
676,_
677,_
678,_
679,_
680,_
681,_
682,_
683,_
684,_
685,_
686,_
687,_
688,_
689,_
690,_
691,_
692,_
693,_
694,_
695,_
696,_
697,_
698,_
699,_
700,_
701,_
702,_
703,_
704,_
705,_
706,_
707,_
708,_
709,_
710,_
711,_
712,_
713,_
714,_
715,_
716,_
717,_
718,_
719,_
720,_
721,_
722,_
723,_
724,_
725,_
726,_
727,_
728,_
729,_
730,_
731,_
732,_
733,_
734,_
735,_
736,_
737,_
738,_
739,_
740,_
741,_
742,_
743,_
744,_
745,_
746,_
747,_
748,_
749,_
750,_
751,_
752,_
753,_
754,_
755,_
756,_
757,_
758,_
759,_
760,_
761,_
762,_
763,_
764,_
765,_
766,_
767,_
768,_
769,_
770,_
771,_
772,_
773,_
774,_
775,_
776,_
777,_
778,_
779,_
780,_
781,_
782,_
783,_
784,_
785,_
786,_
787,_
788,_
789,_
790,_
791,_
792,_
793,_
794,_
795,_
796,_
797,_
798,_
799,_
800,_
801,_
802,_
803,_
804,_
805,_
806,_
807,_
808,_
809,_
810,_
811,_
812,_
813,_
814,_
815,_
816,_
817,_
818,_
819,_
820,_
821,_
822,_
823,_
824,_
825,_
826,_
827,_
828,_
829,_
830,_
831,_
832,_
833,_
834,_
835,_
836,_
837,_
838,_
839,_
840,_
841,_
842,_
843,_
844,_
845,_
846,_
847,_
848,_
849,_
850,_
851,_
852,_
853,_
854,_
855,_
856,_
857,_
858,_
859,_
860,_
861,_
862,_
863,_
864,_
865,_
866,_
867,_
868,_
869,_
870,_
871,_
872,_
873,_
874,_
875,_
876,_
877,_
878,_
879,_
880,_
881,_
882,_
883,_
884,_
885,_
886,_
887,_
888,_
889,_
890,_
891,_
892,_
893,_
894,_
895,_
896,_
897,_
898,_
899,_
900,_
901,_
902,_
903,_
904,_
905,_
906,_
907,_
908,_
909,_
910,_
911,_
912,_
913,_
914,_
915,_
916,_
917,_
918,_
919,_
920,_
921,_
922,_
923,_
924,_
925,_
926,_
927,_
928,_
929,_
930,_
931,_
932,_
933,_
934,_
935,_
936,_
937,_
938,_
939,_
940,_
941,_
942,_
943,_
944,_
945,_
946,_
947,_
948,_
949,_
950,_
951,_
952,_
953,_
954,_
955,_
956,_
957,_
958,_
959,_
960,_
961,_
962,_
963,_
964,_
965,_
966,_
967,_
968,_
969,_
970,_
971,_
972,_
973,_
974,_
975,_
976,_
977,_
978,_
979,_
980,_
981,_
982,_
983,_
984,_
985,_
986,_
987,_
988,_
989,_
990,_
991,_
992,_
993,_
994,_
995,_
996,_
997,_
998,_
999,_
1000,_
1001,_
1002,_
1003,_
1004,_
1005,_
1006,_
1007,_
1008,_
1009,_
1010,_
1011,_
1012,_
1013,_
1014,_
1015,_
1016,_
1017,_
1018,_
1019,_
1020,_
1021,_
1022,_
1023,_
1024,_
1025,_
1026,_
1027,_
1028,_
1029,_
1030,_
1031,_
1032,_
1033,_
1034,_
1035,_
1036,_
1037,_
1038,_
1039,_
1040,_
1041,_
1042,_
1043,_
1044,_
1045,_
1046,_
1047,_
1048,_
1049,_
1050,_
1051,_
1052,_
1053,_
1054,_
1055,_
1056,_
1057,_
1058,_
1059,_
1060,_
1061,_
1062,_
1063,_
1064,_
1065,_
1066,_
1067,_
1068,_
1069,_
1070,_
1071,_
1072,_
1073,_
1074,_
1075,_
1076,_
1077,_
1078,_
1079,_
1080,_
1081,_
1082,_
1083,_
1084,_
1085,_
1086,_
1087,_
1088,_
1089,_
1090,_
1091,_
1092,_
1093,_
1094,_
1095,_
1096,_
1097,_
1098,_
1099,_
1100,_
1101,_
1102,_
1103,_
1104,_
1105,_
1106,_
1107,_
1108,_
1109,_
1110,_
1111,_
1112,_
1113,_
1114,_
1115,_
1116,_
1117,_
1118,_
1119,_
1120,_
1121,_
1122,_
1123,_
1124,_
1125,_
1126,_
1127,_
1128,_
1129,_
1130,_
1131,_
1132,_
1133,_
1134,_
1135,_
1136,_
1137,_
1138,_
1139,_
1140,_
1141,_
1142,_
1143,_
1144,_
1145,_
1146,_
1147,_
1148,_
1149,_
1150,_
1151,_
1152,_
1153,_
1154,_
1155,_
1156,_
1157,_
1158,_
1159,_
1160,_
1161,_
1162,_
1163,_
1164,_
1165,_
1166,_
1167,_
1168,_
1169,_
1170,_
1171,_
1172,_
1173,_
1174,_
1175,_
1176,_
1177,_
1178,_
1179,_
1180,_
1181,_
1182,_
1183,_
1184,_
1185,_
1186,_
1187,_
1188,_
1189,_
1190,_
1191,_
1192,_
1193,_
1194,_
1195,_
1196,_
1197,_
1198,_
1199,_
1200,_
1201,_
1202,_
1203,_
1204,_
1205,_
1206,_
1207,_
1208,_
1209,_
1210,_
1211,_
1212,_
1213,_
1214,_
1215,_
1216,_
1217,_
1218,_
1219,_
1220,_
1221,_
1222,_
1223,_
1224,_
1225,_
1226,_
1227,_
1228,_
1229,_
1230,_
1231,_
1232,_
1233,_
1234,_
1235,_
1236,_
1237,_
1238,_
1239,_
1240,_
1241,_
1242,_
1243,_
1244,_
1245,_
1246,_
1247,_
1248,_
1249,_
1250,_
1251,_
1252,_
1253,_
1254,_
1255,_
1256,_
1257,_
1258,_
1259,_
1260,_
1261,_
1262,_
1263,_
1264,_
1265,_
1266,_
1267,_
1268,_
1269,_
1270,_
1271,_
1272,_
1273,_
1274,_
1275,_
1276,_
1277,_
1278,_
1279,_
1280,_
1281,_
1282,_
1283,_
1284,_
1285,_
1286,_
1287,_
1288,_
1289,_
1290,_
1291,_
1292,_
1293,_
1294,_
1295,_
1296,_
1297,_
1298,_
1299,_
1300,_
1301,_
1302,_
1303,_
1304,_
1305,_
1306,_
1307,_
1308,_
1309,_
1310,_
1311,_
1312,_
1313,_
1314,_
1315,_
1316,_
1317,_
1318,_
1319,_
1320,_
1321,_
1322,_
1323,_
1324,_
1325,_
1326,_
1327,_
1328,_
1329,_
1330,_
1331,_
1332,_
1333,_
1334,_
1335,_
1336,_
1337,_
1338,_
1339,_
1340,_
1341,_
1342,_
1343,_
1344,_
1345,_
1346,_
1347,_
1348,_
1349,_
1350,_
1351,_
1352,_
1353,_
1354,_
1355,_
1356,_
1357,_
1358,_
1359,_
1360,_
1361,_
1362,_
1363,_
1364,_
1365,_
1366,_
1367,_
1368,_
1369,_
1370,_
1371,_
1372,_
1373,_
1374,_
1375,_
1376,_
1377,_
1378,_
1379,_
1380,_
1381,_
1382,_
1383,_
1384,_
1385,_
1386,_
1387,_
1388,_
1389,_
1390,_
1391,_
1392,_
1393,_
1394,_
1395,_
1396,_
1397,_
1398,_
1399,_
1400,_
1401,_
1402,_
1403,_
1404,_
1405,_
1406,_
1407,_
1408,_
1409,_
1410,_
1411,_
1412,_
1413,_
1414,_
1415,_
1416,_
1417,_
1418,_
1419,_
1420,_
1421,_
1422,_
1423,_
1424,_
1425,_
1426,_
1427,_
1428,_
1429,_
1430,_
1431,_
1432,_
1433,_
1434,_
1435,_
1436,_
1437,_
1438,_
1439,_
1440,_
1441,_
1442,_
1443,_
1444,_
1445,_
1446,_
1447,_
1448,_
1449,_
1450,_
1451,_
1452,_
1453,_
1454,_
1455,_
1456,_
1457,_
1458,_
1459,_
1460,_
1461,_
1462,_
1463,_
1464,_
1465,_
1466,_
1467,_
1468,_
1469,_
1470,_
1471,_
1472,_
1473,_
1474,_
1475,_
1476,_
1477,_
1478,_
1479,_
1480,_
1481,_
1482,_
1483,_
1484,_
1485,_
1486,_
1487,_
1488,_
1489,_
1490,_
1491,_
1492,_
1493,_
1494,_
1495,_
1496,_
1497,_
1498,_
1499,_
1500,_
1501,_
1502,_
1503,_
1504,_
1505,_
1506,_
1507,_
1508,_
1509,_
1510,_
1511,_
1512,_
1513,_
1514,_
1515,_
1516,_
1517,_
1518,_
1519,_
1520,_
1521,_
1522,_
1523,_
1524,_
1525,_
1526,_
1527,_
1528,_
1529,_
1530,_
1531,_
1532,_
1533,_
1534,_
1535,_
1536,_
1537,_
1538,_
1539,_
1540,_
1541,_
1542,_
1543,_
1544,_
1545,_
1546,_
1547,_
1548,_
1549,_
1550,_
1551,_
1552,_
1553,_
1554,_
1555,_
1556,_
1557,_
1558,_
1559,_
1560,_
1561,_
1562,_
1563,_
1564,_
1565,_
1566,_
1567,_
1568,_
1569,_
1570,_
1571,_
1572,_
1573,_
1574,_
1575,_
1576,_
1577,_
1578,_
1579,_
1580,_
1581,_
1582,_
1583,_
1584,_
1585,_
1586,_
1587,_
1588,_
1589,_
1590,_
1591,_
1592,_
1593,_
1594,_
1595,_
1596,_
1597,_
1598,_
1599,_
1600,_
1601,_
1602,_
1603,_
1604,_
1605,_
1606,_
1607,_
1608,_
1609,_
1610,_
1611,_
1612,_
1613,_
1614,_
1615,_
1616,_
1617,_
1618,_
1619,_
1620,_
1621,_
1622,_
1623,_
1624,_
1625,_
1626,_
1627,_
1628,_
1629,_
1630,_
1631,_
1632,_
1633,_
1634,_
1635,_
1636,_
1637,_
1638,_
1639,_
1640,_
1641,_
1642,_
1643,_
1644,_
1645,_
1646,_
1647,_
1648,_
1649,_
1650,_
1651,_
1652,_
1653,_
1654,_
1655,_
1656,_
1657,_
1658,_
1659,_
1660,_
1661,_
1662,_
1663,_
1664,_
1665,_
1666,_
1667,_
1668,_
1669,_
1670,_
1671,_
1672,_
1673,_
1674,_
1675,_
1676,_
1677,_
1678,_
1679,_
1680,_
1681,_
1682,_
1683,_
1684,_
1685,_
1686,_
1687,_
1688,_
1689,_
1690,_
1691,_
1692,_
1693,_
1694,_
1695,_
1696,_
1697,_
1698,_
1699,_
1700,_
1701,_
1702,_
1703,_
1704,_
1705,_
1706,_
1707,_
1708,_
1709,_
1710,_
1711,_
1712,_
1713,_
1714,_
1715,_
1716,_
1717,_
1718,_
1719,_
1720,_
1721,_
1722,_
1723,_
1724,_
1725,_
1726,_
1727,_
1728,_
1729,_
1730,_
1731,_
1732,_
1733,_
1734,_
1735,_
1736,_
1737,_
1738,_
1739,_
1740,_
1741,_
1742,_
1743,_
1744,_
1745,_
1746,_
1747,_
1748,_
1749,_
1750,_
1751,_
1752,_
1753,_
1754,_
1755,_
1756,_
1757,_
1758,_
1759,_
1760,_
1761,_
1762,_
1763,_
1764,_
1765,_
1766,_
1767,_
1768,_
1769,_
1770,_
1771,_
1772,_
1773,_
1774,_
1775,_
1776,_
1777,_
1778,_
1779,_
1780,_
1781,_
1782,_
1783,_
1784,_
1785,_
1786,_
1787,_
1788,_
1789,_
1790,_
1791,_
1792,_
1793,_
1794,_
1795,_
1796,_
1797,_
1798,_
1799,_
1800,_
1801,_
1802,_
1803,_
1804,_
1805,_
1806,_
1807,_
1808,_
1809,_
1810,_
1811,_
1812,_
1813,_
1814,_
1815,_
1816,_
1817,_
1818,_
1819,_
1820,_
1821,_
1822,_
1823,_
1824,_
1825,_
1826,_
1827,_
1828,_
1829,_
1830,_
1831,_
1832,_
1833,_
1834,_
1835,_
1836,_
1837,_
1838,_
1839,_
1840,_
1841,_
1842,_
1843,_
1844,_
1845,_
1846,_
1847,_
1848,_
1849,_
1850,_
1851,_
1852,_
1853,_
1854,_
1855,_
1856,_
1857,_
1858,_
1859,_
1860,_
1861,_
1862,_
1863,_
1864,_
1865,_
1866,_
1867,_
1868,_
1869,_
1870,_
1871,_
1872,_
1873,_
1874,_
1875,_
1876,_
1877,_
1878,_
1879,_
1880,_
1881,_
1882,_
1883,_
1884,_
1885,_
1886,_
1887,_
1888,_
1889,_
1890,_
1891,_
1892,_
1893,_
1894,_
1895,_
1896,_
1897,_
1898,_
1899,_
1900,_
1901,_
1902,_
1903,_
1904,_
1905,_
1906,_
1907,_
1908,_
1909,_
1910,_
1911,_
1912,_
1913,_
1914,_
1915,_
1916,_
1917,_
1918,_
1919,_
1920,_
1921,_
1922,_
1923,_
1924,_
1925,_
1926,_
1927,_
1928,_
1929,_
1930,_
1931,_
1932,_
1933,_
1934,_
1935,_
1936,_
1937,_
1938,_
1939,_
1940,_
1941,_
1942,_
1943,_
1944,_
1945,_
1946,_
1947,_
1948,_
1949,_
1950,_
1951,_
1952,_
1953,_
1954,_
1955,_
1956,_
1957,_
1958,_
1959,_
1960,_
1961,_
1962,_
1963,_
1964,_
1965,_
1966,_
1967,_
1968,_
1969,_
1970,_
1971,_
1972,_
1973,_
1974,_
1975,_
1976,_
1977,_
1978,_
1979,_
1980,_
1981,_
1982,_
1983,_
1984,_
1985,_
1986,_
1987,_
1988,_
1989,_
1990,_
1991,_
1992,_
1993,_
1994,_
1995,_
1996,_
1997,_
1998,_
1999,_
2000,_
2001,_
2002,_
2003,_
2004,_
2005,_
2006,_
2007,_
2008,_
2009,_
2010,_
2011,_
2012,_
2013,_
2014,_
2015,_
2016,_
2017,_
2018,_
2019,_
2020,_
2021,_
2022,_
2023,_
2024,_
2025,_
2026,_
2027,_
2028,_
2029,_
2030,_
2031,_
2032,_
2033,_
2034,_
2035,_
2036,_
2037,_
2038,_
2039,_
2040,_
2041,_
2042,_
2043,_
2044,_
2045,_
2046,_
2047,_
2048,_
2049,_
2050,_
2051,_
2052,_
2053,_
2054,_
2055,_
2056,_
2057,_
2058,_
2059,_
2060,_
2061,_
2062,_
2063,_
2064,_
2065,_
2066,_
2067,_
2068,_
2069,_
2070,_
2071,_
2072,_
2073,_
2074,_
2075,_
2076,_
2077,_
2078,_
2079,_
2080,_
2081,_
2082,_
2083,_
2084,_
2085,_
2086,_
2087,_
2088,_
2089,_
2090,_
2091,_
2092,_
2093,_
2094,_
2095,_
2096,_
2097,_
2098,_
2099,_
2100,_
2101,_
2102,_
2103,_
2104,_
2105,_
2106,_
2107,_
2108,_
2109,_
2110,_
2111,_
2112,_
2113,_
2114,_
2115,_
2116,_
2117,_
2118,_
2119,_
2120,_
2121,_
2122,_
2123,_
2124,_
2125,_
2126,_
2127,_
2128,_
2129,_
2130,_
2131,_
2132,_
2133,_
2134,_
2135,_
2136,_
2137,_
2138,_
2139,_
2140,_
2141,_
2142,_
2143,_
2144,_
2145,_
2146,_
2147,_
2148,_
2149,_
2150,_
2151,_
2152,_
2153,_
2154,_
2155,_
2156,_
2157,_
2158,_
2159,_
2160,_
2161,_
2162,_
2163,_
2164,_
2165,_
2166,_
2167,_
2168,_
2169,_
2170,_
2171,_
2172,_
2173,_
2174,_
2175,_
2176,_
2177,_
2178,_
2179,_
2180,_
2181,_
2182,_
2183,_
2184,_
2185,_
2186,_
2187,_
2188,_
2189,_
2190,_
2191,_
2192,_
2193,_
2194,_
2195,_
2196,_
2197,_
2198,_
2199,_
2200,_
2201,_
2202,_
2203,_
2204,_
2205,_
2206,_
2207,_
2208,_
2209,_
2210,_
2211,_
2212,_
2213,_
2214,_
2215,_
2216,_
2217,_
2218,_
2219,_
2220,_
2221,_
2222,_
2223,_
2224,_
2225,_
2226,_
2227,_
2228,_
2229,_
2230,_
2231,_
2232,_
2233,_
2234,_
2235,_
2236,_
2237,_
2238,_
2239,_
2240,_
2241,_
2242,_
2243,_
2244,_
2245,_
2246,_
2247,_
2248,_
2249,_
2250,_
2251,_
2252,_
2253,_
2254,_
2255,_
2256,_
2257,_
2258,_
2259,_
2260,_
2261,_
2262,_
2263,_
2264,_
2265,_
2266,_
2267,_
2268,_
2269,_
2270,_
2271,_
2272,_
2273,_
2274,_
2275,_
2276,_
2277,_
2278,_
2279,_
2280,_
2281,_
2282,_
2283,_
2284,_
2285,_
2286,_
2287,_
2288,_
2289,_
2290,_
2291,_
2292,_
2293,_
2294,_
2295,_
2296,_
2297,_
2298,_
2299,_
2300,_
2301,_
2302,_
2303,_
2304,_
2305,_
2306,_
2307,_
2308,_
2309,_
2310,_
2311,_
2312,_
2313,_
2314,_
2315,_
2316,_
2317,_
2318,_
2319,_
2320,_
2321,_
2322,_
2323,_
2324,_
2325,_
2326,_
2327,_
2328,_
2329,_
2330,_
2331,_
2332,_
2333,_
2334,_
2335,_
2336,_
2337,_
2338,_
2339,_
2340,_
2341,_
2342,_
2343,_
2344,_
2345,_
2346,_
2347,_
2348,_
2349,_
2350,_
2351,_
2352,_
2353,_
2354,_
2355,_
2356,_
2357,_
2358,_
2359,_
2360,_
2361,_
2362,_
2363,_
2364,_
2365,_
2366,_
2367,_
2368,_
2369,_
2370,_
2371,_
2372,_
2373,_
2374,_
2375,_
2376,_
2377,_
2378,_
2379,_
2380,_
2381,_
2382,_
2383,_
2384,_
2385,_
2386,_
2387,_
2388,_
2389,_
2390,_
2391,_
2392,_
2393,_
2394,_
2395,_
2396,_
2397,_
2398,_
2399,_
2400,_
2401,_
2402,_
2403,_
2404,_
2405,_
2406,_
2407,_
2408,_
2409,_
2410,_
2411,_
2412,_
2413,_
2414,_
2415,_
2416,_
2417,_
2418,_
2419,_
2420,_
2421,_
2422,_
2423,_
2424,_
2425,_
2426,_
2427,_
2428,_
2429,_
2430,_
2431,_
2432,_
2433,_
2434,_
2435,_
2436,_
2437,_
2438,_
2439,_
2440,_
2441,_
2442,_
2443,_
2444,_
2445,_
2446,_
2447,_
2448,_
2449,_
2450,_
2451,_
2452,_
2453,_
2454,_
2455,_
2456,_
2457,_
2458,_
2459,_
2460,_
2461,_
2462,_
2463,_
2464,_
2465,_
2466,_
2467,_
2468,_
2469,_
2470,_
2471,_
2472,_
2473,_
2474,_
2475,_
2476,_
2477,_
2478,_
2479,_
2480,_
2481,_
2482,_
2483,_
2484,_
2485,_
2486,_
2487,_
2488,_
2489,_
2490,_
2491,_
2492,_
2493,_
2494,_
2495,_
2496,_
2497,_
2498,_
2499,_
2500,_
2501,_
2502,_
2503,_
2504,_
2505,_
2506,_
2507,_
2508,_
2509,_
2510,_
2511,_
2512,_
2513,_
2514,_
2515,_
2516,_
2517,_
2518,_
2519,_
2520,_
2521,_
2522,_
2523,_
2524,_
2525,_
2526,_
2527,_
2528,_
2529,_
2530,_
2531,_
2532,_
2533,_
2534,_
2535,_
2536,_
2537,_
2538,_
2539,_
2540,_
2541,_
2542,_
2543,_
2544,_
2545,_
2546,_
2547,_
2548,_
2549,_
2550,_
2551,_
2552,_
2553,_
2554,_
2555,_
2556,_
2557,_
2558,_
2559,_
2560,_
2561,_
2562,_
2563,_
2564,_
2565,_
2566,_
2567,_
2568,_
2569,_
2570,_
2571,_
2572,_
2573,_
2574,_
2575,_
2576,_
2577,_
2578,_
2579,_
2580,_
2581,_
2582,_
2583,_
2584,_
2585,_
2586,_
2587,_
2588,_
2589,_
2590,_
2591,_
2592,_
2593,_
2594,_
2595,_
2596,_
2597,_
2598,_
2599,_
2600,_
2601,_
2602,_
2603,_
2604,_
2605,_
2606,_
2607,_
2608,_
2609,_
2610,_
2611,_
2612,_
2613,_
2614,_
2615,_
2616,_
2617,_
2618,_
2619,_
2620,_
2621,_
2622,_
2623,_
2624,_
2625,_
2626,_
2627,_
2628,_
2629,_
2630,_
2631,_
2632,_
2633,_
2634,_
2635,_
2636,_
2637,_
2638,_
2639,_
2640,_
2641,_
2642,_
2643,_
2644,_
2645,_
2646,_
2647,_
2648,_
2649,_
2650,_
2651,_
2652,_
2653,_
2654,_
2655,_
2656,_
2657,_
2658,_
2659,_
2660,_
2661,_
2662,_
2663,_
2664,_
2665,_
2666,_
2667,_
2668,_
2669,_
2670,_
2671,_
2672,_
2673,_
2674,_
2675,_
2676,_
2677,_
2678,_
2679,_
2680,_
2681,_
2682,_
2683,_
2684,_
2685,_
2686,_
2687,_
2688,_
2689,_
2690,_
2691,_
2692,_
2693,_
2694,_
2695,_
2696,_
2697,_
2698,_
2699,_
2700,_
2701,_
2702,_
2703,_
2704,_
2705,_
2706,_
2707,_
2708,_
2709,_
2710,_
2711,_
2712,_
2713,_
2714,_
2715,_
2716,_
2717,_
2718,_
2719,_
2720,_
2721,_
2722,_
2723,_
2724,_
2725,_
2726,_
2727,_
2728,_
2729,_
2730,_
2731,_
2732,_
2733,_
2734,_
2735,_
2736,_
2737,_
2738,_
2739,_
2740,_
2741,_
2742,_
2743,_
2744,_
2745,_
2746,_
2747,_
2748,_
2749,_
2750,_
2751,_
2752,_
2753,_
2754,_
2755,_
2756,_
2757,_
2758,_
2759,_
2760,_
2761,_
2762,_
2763,_
2764,_
2765,_
2766,_
2767,_
2768,_
2769,_
2770,_
2771,_
2772,_
2773,_
2774,_
2775,_
2776,_
2777,_
2778,_
2779,_
2780,_
2781,_
2782,_
2783,_
2784,_
2785,_
2786,_
2787,_
2788,_
2789,_
2790,_
2791,_
2792,_
2793,_
2794,_
2795,_
2796,_
2797,_
2798,_
2799,_
2800,_
2801,_
2802,_
2803,_
2804,_
2805,_
2806,_
2807,_
2808,_
2809,_
2810,_
2811,_
2812,_
2813,_
2814,_
2815,_
2816,_
2817,_
2818,_
2819,_
2820,_
2821,_
2822,_
2823,_
2824,_
2825,_
2826,_
2827,_
2828,_
2829,_
2830,_
2831,_
2832,_
2833,_
2834,_
2835,_
2836,_
2837,_
2838,_
2839,_
2840,_
2841,_
2842,_
2843,_
2844,_
2845,_
2846,_
2847,_
2848,_
2849,_
2850,_
2851,_
2852,_
2853,_
2854,_
2855,_
2856,_
2857,_
2858,_
2859,_
2860,_
2861,_
2862,_
2863,_
2864,_
2865,_
2866,_
2867,_
2868,_
2869,_
2870,_
2871,_
2872,_
2873,_
2874,_
2875,_
2876,_
2877,_
2878,_
2879,_
2880,_
2881,_
2882,_
2883,_
2884,_
2885,_
2886,_
2887,_
2888,_
2889,_
2890,_
2891,_
2892,_
2893,_
2894,_
2895,_
2896,_
2897,_
2898,_
2899,_
2900,_
2901,_
2902,_
2903,_
2904,_
2905,_
2906,_
2907,_
2908,_
2909,_
2910,_
2911,_
2912,_
2913,_
2914,_
2915,_
2916,_
2917,_
2918,_
2919,_
2920,_
2921,_
2922,_
2923,_
2924,_
2925,_
2926,_
2927,_
2928,_
2929,_
2930,_
2931,_
2932,_
2933,_
2934,_
2935,_
2936,_
2937,_
2938,_
2939,_
2940,_
2941,_
2942,_
2943,_
2944,_
2945,_
2946,_
2947,_
2948,_
2949,_
2950,_
2951,_
2952,_
2953,_
2954,_
2955,_
2956,_
2957,_
2958,_
2959,_
2960,_
2961,_
2962,_
2963,_
2964,_
2965,_
2966,_
2967,_
2968,_
2969,_
2970,_
2971,_
2972,_
2973,_
2974,_
2975,_
2976,_
2977,_
2978,_
2979,_
2980,_
2981,_
2982,_
2983,_
2984,_
2985,_
2986,_
2987,_
2988,_
2989,_
2990,_
2991,_
2992,_
2993,_
2994,_
2995,_
2996,_
2997,_
2998,_
2999,_
3000,_
3001,_
3002,_
3003,_
3004,_
3005,_
3006,_
3007,_
3008,_
3009,_
3010,_
3011,_
3012,_
3013,_
3014,_
3015,_
3016,_
3017,_
3018,_
3019,_
3020,_
3021,_
3022,_
3023,_
3024,_
3025,_
3026,_
3027,_
3028,_
3029,_
3030,_
3031,_
3032,_
3033,_
3034,_
3035,_
3036,_
3037,_
3038,_
3039,_
3040,_
3041,_
3042,_
3043,_
3044,_
3045,_
3046,_
3047,_
3048,_
3049,_
3050,_
3051,_
3052,_
3053,_
3054,_
3055,_
3056,_
3057,_
3058,_
3059,_
3060,_
3061,_
3062,_
3063,_
3064,_
3065,_
3066,_
3067,_
3068,_
3069,_
3070,_
3071,_
3072,_
3073,_
3074,_
3075,_
3076,_
3077,_
3078,_
3079,_
3080,_
3081,_
3082,_
3083,_
3084,_
3085,_
3086,_
3087,_
3088,_
3089,_
3090,_
3091,_
3092,_
3093,_
3094,_
3095,_
3096,_
3097,_
3098,_
3099,_
3100,_
3101,_
3102,_
3103,_
3104,_
3105,_
3106,_
3107,_
3108,_
3109,_
3110,_
3111,_
3112,_
3113,_
3114,_
3115,_
3116,_
3117,_
3118,_
3119,_
3120,_
3121,_
3122,_
3123,_
3124,_
3125,_
3126,_
3127,_
3128,_
3129,_
3130,_
3131,_
3132,_
3133,_
3134,_
3135,_
3136,_
3137,_
3138,_
3139,_
3140,_
3141,_
3142,_
3143,_
3144,_
3145,_
3146,_
3147,_
3148,_
3149,_
3150,_
3151,_
3152,_
3153,_
3154,_
3155,_
3156,_
3157,_
3158,_
3159,_
3160,_
3161,_
3162,_
3163,_
3164,_
3165,_
3166,_
3167,_
3168,_
3169,_
3170,_
3171,_
3172,_
3173,_
3174,_
3175,_
3176,_
3177,_
3178,_
3179,_
3180,_
3181,_
3182,_
3183,_
3184,_
3185,_
3186,_
3187,_
3188,_
3189,_
3190,_
3191,_
3192,_
3193,_
3194,_
3195,_
3196,_
3197,_
3198,_
3199,_
3200,_
3201,_
3202,_
3203,_
3204,_
3205,_
3206,_
3207,_
3208,_
3209,_
3210,_
3211,_
3212,_
3213,_
3214,_
3215,_
3216,_
3217,_
3218,_
3219,_
3220,_
3221,_
3222,_
3223,_
3224,_
3225,_
3226,_
3227,_
3228,_
3229,_
3230,_
3231,_
3232,_
3233,_
3234,_
3235,_
3236,_
3237,_
3238,_
3239,_
3240,_
3241,_
3242,_
3243,_
3244,_
3245,_
3246,_
3247,_
3248,_
3249,_
3250,_
3251,_
3252,_
3253,_
3254,_
3255,_
3256,_
3257,_
3258,_
3259,_
3260,_
3261,_
3262,_
3263,_
3264,_
3265,_
3266,_
3267,_
3268,_
3269,_
3270,_
3271,_
3272,_
3273,_
3274,_
3275,_
3276,_
3277,_
3278,_
3279,_
3280,_
3281,_
3282,_
3283,_
3284,_
3285,_
3286,_
3287,_
3288,_
3289,_
3290,_
3291,_
3292,_
3293,_
3294,_
3295,_
3296,_
3297,_
3298,_
3299,_
3300,_
3301,_
3302,_
3303,_
3304,_
3305,_
3306,_
3307,_
3308,_
3309,_
3310,_
3311,_
3312,_
3313,_
3314,_
3315,_
3316,_
3317,_
3318,_
3319,_
3320,_
3321,_
3322,_
3323,_
3324,_
3325,_
3326,_
3327,_
3328,_
3329,_
3330,_
3331,_
3332,_
3333,_
3334,_
3335,_
3336,_
3337,_
3338,_
3339,_
3340,_
3341,_
3342,_
3343,_
3344,_
3345,_
3346,_
3347,_
3348,_
3349,_
3350,_
3351,_
3352,_
3353,_
3354,_
3355,_
3356,_
3357,_
3358,_
3359,_
3360,_
3361,_
3362,_
3363,_
3364,_
3365,_
3366,_
3367,_
3368,_
3369,_
3370,_
3371,_
3372,_
3373,_
3374,_
3375,_
3376,_
3377,_
3378,_
3379,_
3380,_
3381,_
3382,_
3383,_
3384,_
3385,_
3386,_
3387,_
3388,_
3389,_
3390,_
3391,_
3392,_
3393,_
3394,_
3395,_
3396,_
3397,_
3398,_
3399,_
3400,_
3401,_
3402,_
3403,_
3404,_
3405,_
3406,_
3407,_
3408,_
3409,_
3410,_
3411,_
3412,_
3413,_
3414,_
3415,_
3416,_
3417,_
3418,_
3419,_
3420,_
3421,_
3422,_
3423,_
3424,_
3425,_
3426,_
3427,_
3428,_
3429,_
3430,_
3431,_
3432,_
3433,_
3434,_
3435,_
3436,_
3437,_
3438,_
3439,_
3440,_
3441,_
3442,_
3443,_
3444,_
3445,_
3446,_
3447,_
3448,_
3449,_
3450,_
3451,_
3452,_
3453,_
3454,_
3455,_
3456,_
3457,_
3458,_
3459,_
3460,_
3461,_
3462,_
3463,_
3464,_
3465,_
3466,_
3467,_
3468,_
3469,_
3470,_
3471,_
3472,_
3473,_
3474,_
3475,_
3476,_
3477,_
3478,_
3479,_
3480,_
3481,_
3482,_
3483,_
3484,_
3485,_
3486,_
3487,_
3488,_
3489,_
3490,_
3491,_
3492,_
3493,_
3494,_
3495,_
3496,_
3497,_
3498,_
3499,_
3500,_
3501,_
3502,_
3503,_
3504,_
3505,_
3506,_
3507,_
3508,_
3509,_
3510,_
3511,_
3512,_
3513,_
3514,_
3515,_
3516,_
3517,_
3518,_
3519,_
3520,_
3521,_
3522,_
3523,_
3524,_
3525,_
3526,_
3527,_
3528,_
3529,_
3530,_
3531,_
3532,_
3533,_
3534,_
3535,_
3536,_
3537,_
3538,_
3539,_
3540,_
3541,_
3542,_
3543,_
3544,_
3545,_
3546,_
3547,_
3548,_
3549,_
3550,_
3551,_
3552,_
3553,_
3554,_
3555,_
3556,_
3557,_
3558,_
3559,_
3560,_
3561,_
3562,_
3563,_
3564,_
3565,_
3566,_
3567,_
3568,_
3569,_
3570,_
3571,_
3572,_
3573,_
3574,_
3575,_
3576,_
3577,_
3578,_
3579,_
3580,_
3581,_
3582,_
3583,_
3584,_
3585,_
3586,_
3587,_
3588,_
3589,_
3590,_
3591,_
3592,_
3593,_
3594,_
3595,_
3596,_
3597,_
3598,_
3599,_
3600,_
3601,_
3602,_
3603,_
3604,_
3605,_
3606,_
3607,_
3608,_
3609,_
3610,_
3611,_
3612,_
3613,_
3614,_
3615,_
3616,_
3617,_
3618,_
3619,_
3620,_
3621,_
3622,_
3623,_
3624,_
3625,_
3626,_
3627,_
3628,_
3629,_
3630,_
3631,_
3632,_
3633,_
3634,_
3635,_
3636,_
3637,_
3638,_
3639,_
3640,_
3641,_
3642,_
3643,_
3644,_
3645,_
3646,_
3647,_
3648,_
3649,_
3650,_
3651,_
3652,_
3653,_
3654,_
3655,_
3656,_
3657,_
3658,_
3659,_
3660,_
3661,_
3662,_
3663,_
3664,_
3665,_
3666,_
3667,_
3668,_
3669,_
3670,_
3671,_
3672,_
3673,_
3674,_
3675,_
3676,_
3677,_
3678,_
3679,_
3680,_
3681,_
3682,_
3683,_
3684,_
3685,_
3686,_
3687,_
3688,_
3689,_
3690,_
3691,_
3692,_
3693,_
3694,_
3695,_
3696,_
3697,_
3698,_
3699,_
3700,_
3701,_
3702,_
3703,_
3704,_
3705,_
3706,_
3707,_
3708,_
3709,_
3710,_
3711,_
3712,_
3713,_
3714,_
3715,_
3716,_
3717,_
3718,_
3719,_
3720,_
3721,_
3722,_
3723,_
3724,_
3725,_
3726,_
3727,_
3728,_
3729,_
3730,_
3731,_
3732,_
3733,_
3734,_
3735,_
3736,_
3737,_
3738,_
3739,_
3740,_
3741,_
3742,_
3743,_
3744,_
3745,_
3746,_
3747,_
3748,_
3749,_
3750,_
3751,_
3752,_
3753,_
3754,_
3755,_
3756,_
3757,_
3758,_
3759,_
3760,_
3761,_
3762,_
3763,_
3764,_
3765,_
3766,_
3767,_
3768,_
3769,_
3770,_
3771,_
3772,_
3773,_
3774,_
3775,_
3776,_
3777,_
3778,_
3779,_
3780,_
3781,_
3782,_
3783,_
3784,_
3785,_
3786,_
3787,_
3788,_
3789,_
3790,_
3791,_
3792,_
3793,_
3794,_
3795,_
3796,_
3797,_
3798,_
3799,_
3800,_
3801,_
3802,_
3803,_
3804,_
3805,_
3806,_
3807,_
3808,_
3809,_
3810,_
3811,_
3812,_
3813,_
3814,_
3815,_
3816,_
3817,_
3818,_
3819,_
3820,_
3821,_
3822,_
3823,_
3824,_
3825,_
3826,_
3827,_
3828,_
3829,_
3830,_
3831,_
3832,_
3833,_
3834,_
3835,_
3836,_
3837,_
3838,_
3839,_
3840,_
3841,_
3842,_
3843,_
3844,_
3845,_
3846,_
3847,_
3848,_
3849,_
3850,_
3851,_
3852,_
3853,_
3854,_
3855,_
3856,_
3857,_
3858,_
3859,_
3860,_
3861,_
3862,_
3863,_
3864,_
3865,_
3866,_
3867,_
3868,_
3869,_
3870,_
3871,_
3872,_
3873,_
3874,_
3875,_
3876,_
3877,_
3878,_
3879,_
3880,_
3881,_
3882,_
3883,_
3884,_
3885,_
3886,_
3887,_
3888,_
3889,_
3890,_
3891,_
3892,_
3893,_
3894,_
3895,_
3896,_
3897,_
3898,_
3899,_
3900,_
3901,_
3902,_
3903,_
3904,_
3905,_
3906,_
3907,_
3908,_
3909,_
3910,_
3911,_
3912,_
3913,_
3914,_
3915,_
3916,_
3917,_
3918,_
3919,_
3920,_
3921,_
3922,_
3923,_
3924,_
3925,_
3926,_
3927,_
3928,_
3929,_
3930,_
3931,_
3932,_
3933,_
3934,_
3935,_
3936,_
3937,_
3938,_
3939,_
3940,_
3941,_
3942,_
3943,_
3944,_
3945,_
3946,_
3947,_
3948,_
3949,_
3950,_
3951,_
3952,_
3953,_
3954,_
3955,_
3956,_
3957,_
3958,_
3959,_
3960,_
3961,_
3962,_
3963,_
3964,_
3965,_
3966,_
3967,_
3968,_
3969,_
3970,_
3971,_
3972,_
3973,_
3974,_
3975,_
3976,_
3977,_
3978,_
3979,_
3980,_
3981,_
3982,_
3983,_
3984,_
3985,_
3986,_
3987,_
3988,_
3989,_
3990,_
3991,_
3992,_
3993,_
3994,_
3995,_
3996,_
3997,_
3998,_
3999,_
4000,_
4001,_
4002,_
4003,_
4004,_
4005,_
4006,_
4007,_
4008,_
4009,_
4010,_
4011,_
4012,_
4013,_
4014,_
4015,_
4016,_
4017,_
4018,_
4019,_
4020,_
4021,_
4022,_
4023,_
4024,_
4025,_
4026,_
4027,_
4028,_
4029,_
4030,_
4031,_
4032,_
4033,_
4034,_
4035,_
4036,_
4037,_
4038,_
4039,_
4040,_
4041,_
4042,_
4043,_
4044,_
4045,_
4046,_
4047,_
4048,_
4049,_
4050,_
4051,_
4052,_
4053,_
4054,_
4055,_
4056,_
4057,_
4058,_
4059,_
4060,_
4061,_
4062,_
4063,_
4064,_
4065,_
4066,_
4067,_
4068,_
4069,_
4070,_
4071,_
4072,_
4073,_
4074,_
4075,_
4076,_
4077,_
4078,_
4079,_
4080,_
4081,_
4082,_
4083,_
4084,_
4085,_
4086,_
4087,_
4088,_
4089,_
4090,_
4091,_
4092,_
4093,_
4094,_
4095,_
4096,_
4097,_
4098,_
4099,_
4100,_
4101,_
4102,_
4103,_
4104,_
4105,_
4106,_
4107,_
4108,_
4109,_
4110,_
4111,_
4112,_
4113,_
4114,_
4115,_
4116,_
4117,_
4118,_
4119,_
4120,_
4121,_
4122,_
4123,_
4124,_
4125,_
4126,_
4127,_
4128,_
4129,_
4130,_
4131,_
4132,_
4133,_
4134,_
4135,_
4136,_
4137,_
4138,_
4139,_
4140,_
4141,_
4142,_
4143,_
4144,_
4145,_
4146,_
4147,_
4148,_
4149,_
4150,_
4151,_
4152,_
4153,_
4154,_
4155,_
4156,_
4157,_
4158,_
4159,_
4160,_
4161,_
4162,_
4163,_
4164,_
4165,_
4166,_
4167,_
4168,_
4169,_
4170,_
4171,_
4172,_
4173,_
4174,_
4175,_
4176,_
4177,_
4178,_
4179,_
4180,_
4181,_
4182,_
4183,_
4184,_
4185,_
4186,_
4187,_
4188,_
4189,_
4190,_
4191,_
4192,_
4193,_
4194,_
4195,_
4196,_
4197,_
4198,_
4199,_
4200,_
4201,_
4202,_
4203,_
4204,_
4205,_
4206,_
4207,_
4208,_
4209,_
4210,_
4211,_
4212,_
4213,_
4214,_
4215,_
4216,_
4217,_
4218,_
4219,_
4220,_
4221,_
4222,_
4223,_
4224,_
4225,_
4226,_
4227,_
4228,_
4229,_
4230,_
4231,_
4232,_
4233,_
4234,_
4235,_
4236,_
4237,_
4238,_
4239,_
4240,_
4241,_
4242,_
4243,_
4244,_
4245,_
4246,_
4247,_
4248,_
4249,_
4250,_
4251,_
4252,_
4253,_
4254,_
4255,_
4256,_
4257,_
4258,_
4259,_
4260,_
4261,_
4262,_
4263,_
4264,_
4265,_
4266,_
4267,_
4268,_
4269,_
4270,_
4271,_
4272,_
4273,_
4274,_
4275,_
4276,_
4277,_
4278,_
4279,_
4280,_
4281,_
4282,_
4283,_
4284,_
4285,_
4286,_
4287,_
4288,_
4289,_
4290,_
4291,_
4292,_
4293,_
4294,_
4295,_
4296,_
4297,_
4298,_
4299,_
4300,_
4301,_
4302,_
4303,_
4304,_
4305,_
4306,_
4307,_
4308,_
4309,_
4310,_
4311,_
4312,_
4313,_
4314,_
4315,_
4316,_
4317,_
4318,_
4319,_
4320,_
4321,_
4322,_
4323,_
4324,_
4325,_
4326,_
4327,_
4328,_
4329,_
4330,_
4331,_
4332,_
4333,_
4334,_
4335,_
4336,_
4337,_
4338,_
4339,_
4340,_
4341,_
4342,_
4343,_
4344,_
4345,_
4346,_
4347,_
4348,_
4349,_
4350,_
4351,_
4352,_
4353,_
4354,_
4355,_
4356,_
4357,_
4358,_
4359,_
4360,_
4361,_
4362,_
4363,_
4364,_
4365,_
4366,_
4367,_
4368,_
4369,_
4370,_
4371,_
4372,_
4373,_
4374,_
4375,_
4376,_
4377,_
4378,_
4379,_
4380,_
4381,_
4382,_
4383,_
4384,_
4385,_
4386,_
4387,_
4388,_
4389,_
4390,_
4391,_
4392,_
4393,_
4394,_
4395,_
4396,_
4397,_
4398,_
4399,_
4400,_
4401,_
4402,_
4403,_
4404,_
4405,_
4406,_
4407,_
4408,_
4409,_
4410,_
4411,_
4412,_
4413,_
4414,_
4415,_
4416,_
4417,_
4418,_
4419,_
4420,_
4421,_
4422,_
4423,_
4424,_
4425,_
4426,_
4427,_
4428,_
4429,_
4430,_
4431,_
4432,_
4433,_
4434,_
4435,_
4436,_
4437,_
4438,_
4439,_
4440,_
4441,_
4442,_
4443,_
4444,_
4445,_
4446,_
4447,_
4448,_
4449,_
4450,_
4451,_
4452,_
4453,_
4454,_
4455,_
4456,_
4457,_
4458,_
4459,_
4460,_
4461,_
4462,_
4463,_
4464,_
4465,_
4466,_
4467,_
4468,_
4469,_
4470,_
4471,_
4472,_
4473,_
4474,_
4475,_
4476,_
4477,_
4478,_
4479,_
4480,_
4481,_
4482,_
4483,_
4484,_
4485,_
4486,_
4487,_
4488,_
4489,_
4490,_
4491,_
4492,_
4493,_
4494,_
4495,_
4496,_
4497,_
4498,_
4499,_
4500,_
4501,_
4502,_
4503,_
4504,_
4505,_
4506,_
4507,_
4508,_
4509,_
4510,_
4511,_
4512,_
4513,_
4514,_
4515,_
4516,_
4517,_
4518,_
4519,_
4520,_
4521,_
4522,_
4523,_
4524,_
4525,_
4526,_
4527,_
4528,_
4529,_
4530,_
4531,_
4532,_
4533,_
4534,_
4535,_
4536,_
4537,_
4538,_
4539,_
4540,_
4541,_
4542,_
4543,_
4544,_
4545,_
4546,_
4547,_
4548,_
4549,_
4550,_
4551,_
4552,_
4553,_
4554,_
4555,_
4556,_
4557,_
4558,_
4559,_
4560,_
4561,_
4562,_
4563,_
4564,_
4565,_
4566,_
4567,_
4568,_
4569,_
4570,_
4571,_
4572,_
4573,_
4574,_
4575,_
4576,_
4577,_
4578,_
4579,_
4580,_
4581,_
4582,_
4583,_
4584,_
4585,_
4586,_
4587,_
4588,_
4589,_
4590,_
4591,_
4592,_
4593,_
4594,_
4595,_
4596,_
4597,_
4598,_
4599,_
4600,_
4601,_
4602,_
4603,_
4604,_
4605,_
4606,_
4607,_
4608,_
4609,_
4610,_
4611,_
4612,_
4613,_
4614,_
4615,_
4616,_
4617,_
4618,_
4619,_
4620,_
4621,_
4622,_
4623,_
4624,_
4625,_
4626,_
4627,_
4628,_
4629,_
4630,_
4631,_
4632,_
4633,_
4634,_
4635,_
4636,_
4637,_
4638,_
4639,_
4640,_
4641,_
4642,_
4643,_
4644,_
4645,_
4646,_
4647,_
4648,_
4649,_
4650,_
4651,_
4652,_
4653,_
4654,_
4655,_
4656,_
4657,_
4658,_
4659,_
4660,_
4661,_
4662,_
4663,_
4664,_
4665,_
4666,_
4667,_
4668,_
4669,_
4670,_
4671,_
4672,_
4673,_
4674,_
4675,_
4676,_
4677,_
4678,_
4679,_
4680,_
4681,_
4682,_
4683,_
4684,_
4685,_
4686,_
4687,_
4688,_
4689,_
4690,_
4691,_
4692,_
4693,_
4694,_
4695,_
4696,_
4697,_
4698,_
4699,_
4700,_
4701,_
4702,_
4703,_
4704,_
4705,_
4706,_
4707,_
4708,_
4709,_
4710,_
4711,_
4712,_
4713,_
4714,_
4715,_
4716,_
4717,_
4718,_
4719,_
4720,_
4721,_
4722,_
4723,_
4724,_
4725,_
4726,_
4727,_
4728,_
4729,_
4730,_
4731,_
4732,_
4733,_
4734,_
4735,_
4736,_
4737,_
4738,_
4739,_
4740,_
4741,_
4742,_
4743,_
4744,_
4745,_
4746,_
4747,_
4748,_
4749,_
4750,_
4751,_
4752,_
4753,_
4754,_
4755,_
4756,_
4757,_
4758,_
4759,_
4760,_
4761,_
4762,_
4763,_
4764,_
4765,_
4766,_
4767,_
4768,_
4769,_
4770,_
4771,_
4772,_
4773,_
4774,_
4775,_
4776,_
4777,_
4778,_
4779,_
4780,_
4781,_
4782,_
4783,_
4784,_
4785,_
4786,_
4787,_
4788,_
4789,_
4790,_
4791,_
4792,_
4793,_
4794,_
4795,_
4796,_
4797,_
4798,_
4799,_
4800,_
4801,_
4802,_
4803,_
4804,_
4805,_
4806,_
4807,_
4808,_
4809,_
4810,_
4811,_
4812,_
4813,_
4814,_
4815,_
4816,_
4817,_
4818,_
4819,_
4820,_
4821,_
4822,_
4823,_
4824,_
4825,_
4826,_
4827,_
4828,_
4829,_
4830,_
4831,_
4832,_
4833,_
4834,_
4835,_
4836,_
4837,_
4838,_
4839,_
4840,_
4841,_
4842,_
4843,_
4844,_
4845,_
4846,_
4847,_
4848,_
4849,_
4850,_
4851,_
4852,_
4853,_
4854,_
4855,_
4856,_
4857,_
4858,_
4859,_
4860,_
4861,_
4862,_
4863,_
4864,_
4865,_
4866,_
4867,_
4868,_
4869,_
4870,_
4871,_
4872,_
4873,_
4874,_
4875,_
4876,_
4877,_
4878,_
4879,_
4880,_
4881,_
4882,_
4883,_
4884,_
4885,_
4886,_
4887,_
4888,_
4889,_
4890,_
4891,_
4892,_
4893,_
4894,_
4895,_
4896,_
4897,_
4898,_
4899,_
4900,_
4901,_
4902,_
4903,_
4904,_
4905,_
4906,_
4907,_
4908,_
4909,_
4910,_
4911,_
4912,_
4913,_
4914,_
4915,_
4916,_
4917,_
4918,_
4919,_
4920,_
4921,_
4922,_
4923,_
4924,_
4925,_
4926,_
4927,_
4928,_
4929,_
4930,_
4931,_
4932,_
4933,_
4934,_
4935,_
4936,_
4937,_
4938,_
4939,_
4940,_
4941,_
4942,_
4943,_
4944,_
4945,_
4946,_
4947,_
4948,_
4949,_
4950,_
4951,_
4952,_
4953,_
4954,_
4955,_
4956,_
4957,_
4958,_
4959,_
4960,_
4961,_
4962,_
4963,_
4964,_
4965,_
4966,_
4967,_
4968,_
4969,_
4970,_
4971,_
4972,_
4973,_
4974,_
4975,_
4976,_
4977,_
4978,_
4979,_
4980,_
4981,_
4982,_
4983,_
4984,_
4985,_
4986,_
4987,_
4988,_
4989,_
4990,_
4991,_
4992,_
4993,_
4994,_
4995,_
4996,_
4997,_
4998,_
4999,_
5000,_
5001,_
5002,_
5003,_
5004,_
5005,_
5006,_
5007,_
5008,_
5009,_
5010,_
5011,_
5012,_
5013,_
5014,_
5015,_
5016,_
5017,_
5018,_
5019,_
5020,_
5021,_
5022,_
5023,_
5024,_
5025,_
5026,_
5027,_
5028,_
5029,_
5030,_
5031,_
5032,_
5033,_
5034,_
5035,_
5036,_
5037,_
5038,_
5039,_
5040,_
5041,_
5042,_
5043,_
5044,_
5045,_
5046,_
5047,_
5048,_
5049,_
5050,_
5051,_
5052,_
5053,_
5054,_
5055,_
5056,_
5057,_
5058,_
5059,_
5060,_
5061,_
5062,_
5063,_
5064,_
5065,_
5066,_
5067,_
5068,_
5069,_
5070,_
5071,_
5072,_
5073,_
5074,_
5075,_
5076,_
5077,_
5078,_
5079,_
5080,_
5081,_
5082,_
5083,_
5084,_
5085,_
5086,_
5087,_
5088,_
5089,_
5090,_
5091,_
5092,_
5093,_
5094,_
5095,_
5096,_
5097,_
5098,_
5099,_
5100,_
5101,_
5102,_
5103,_
5104,_
5105,_
5106,_
5107,_
5108,_
5109,_
5110,_
5111,_
5112,_
5113,_
5114,_
5115,_
5116,_
5117,_
5118,_
5119,_
5120,_
5121,_
5122,_
5123,_
5124,_
5125,_
5126,_
5127,_
5128,_
5129,_
5130,_
5131,_
5132,_
5133,_
5134,_
5135,_
5136,_
5137,_
5138,_
5139,_
5140,_
5141,_
5142,_
5143,_
5144,_
5145,_
5146,_
5147,_
5148,_
5149,_
5150,_
5151,_
5152,_
5153,_
5154,_
5155,_
5156,_
5157,_
5158,_
5159,_
5160,_
5161,_
5162,_
5163,_
5164,_
5165,_
5166,_
5167,_
5168,_
5169,_
5170,_
5171,_
5172,_
5173,_
5174,_
5175,_
5176,_
5177,_
5178,_
5179,_
5180,_
5181,_
5182,_
5183,_
5184,_
5185,_
5186,_
5187,_
5188,_
5189,_
5190,_
5191,_
5192,_
5193,_
5194,_
5195,_
5196,_
5197,_
5198,_
5199,_
5200,_
5201,_
5202,_
5203,_
5204,_
5205,_
5206,_
5207,_
5208,_
5209,_
5210,_
5211,_
5212,_
5213,_
5214,_
5215,_
5216,_
5217,_
5218,_
5219,_
5220,_
5221,_
5222,_
5223,_
5224,_
5225,_
5226,_
5227,_
5228,_
5229,_
5230,_
5231,_
5232,_
5233,_
5234,_
5235,_
5236,_
5237,_
5238,_
5239,_
5240,_
5241,_
5242,_
5243,_
5244,_
5245,_
5246,_
5247,_
5248,_
5249,_
5250,_
5251,_
5252,_
5253,_
5254,_
5255,_
5256,_
5257,_
5258,_
5259,_
5260,_
5261,_
5262,_
5263,_
5264,_
5265,_
5266,_
5267,_
5268,_
5269,_
5270,_
5271,_
5272,_
5273,_
5274,_
5275,_
5276,_
5277,_
5278,_
5279,_
5280,_
5281,_
5282,_
5283,_
5284,_
5285,_
5286,_
5287,_
5288,_
5289,_
5290,_
5291,_
5292,_
5293,_
5294,_
5295,_
5296,_
5297,_
5298,_
5299,_
5300,_
5301,_
5302,_
5303,_
5304,_
5305,_
5306,_
5307,_
5308,_
5309,_
5310,_
5311,_
5312,_
5313,_
5314,_
5315,_
5316,_
5317,_
5318,_
5319,_
5320,_
5321,_
5322,_
5323,_
5324,_
5325,_
5326,_
5327,_
5328,_
5329,_
5330,_
5331,_
5332,_
5333,_
5334,_
5335,_
5336,_
5337,_
5338,_
5339,_
5340,_
5341,_
5342,_
5343,_
5344,_
5345,_
5346,_
5347,_
5348,_
5349,_
5350,_
5351,_
5352,_
5353,_
5354,_
5355,_
5356,_
5357,_
5358,_
5359,_
5360,_
5361,_
5362,_
5363,_
5364,_
5365,_
5366,_
5367,_
5368,_
5369,_
5370,_
5371,_
5372,_
5373,_
5374,_
5375,_
5376,_
5377,_
5378,_
5379,_
5380,_
5381,_
5382,_
5383,_
5384,_
5385,_
5386,_
5387,_
5388,_
5389,_
5390,_
5391,_
5392,_
5393,_
5394,_
5395,_
5396,_
5397,_
5398,_
5399,_
5400,_
5401,_
5402,_
5403,_
5404,_
5405,_
5406,_
5407,_
5408,_
5409,_
5410,_
5411,_
5412,_
5413,_
5414,_
5415,_
5416,_
5417,_
5418,_
5419,_
5420,_
5421,_
5422,_
5423,_
5424,_
5425,_
5426,_
5427,_
5428,_
5429,_
5430,_
5431,_
5432,_
5433,_
5434,_
5435,_
5436,_
5437,_
5438,_
5439,_
5440,_
5441,_
5442,_
5443,_
5444,_
5445,_
5446,_
5447,_
5448,_
5449,_
5450,_
5451,_
5452,_
5453,_
5454,_
5455,_
5456,_
5457,_
5458,_
5459,_
5460,_
5461,_
5462,_
5463,_
5464,_
5465,_
5466,_
5467,_
5468,_
5469,_
5470,_
5471,_
5472,_
5473,_
5474,_
5475,_
5476,_
5477,_
5478,_
5479,_
5480,_
5481,_
5482,_
5483,_
5484,_
5485,_
5486,_
5487,_
5488,_
5489,_
5490,_
5491,_
5492,_
5493,_
5494,_
5495,_
5496,_
5497,_
5498,_
5499,_
5500,_
5501,_
5502,_
5503,_
5504,_
5505,_
5506,_
5507,_
5508,_
5509,_
5510,_
5511,_
5512,_
5513,_
5514,_
5515,_
5516,_
5517,_
5518,_
5519,_
5520,_
5521,_
5522,_
5523,_
5524,_
5525,_
5526,_
5527,_
5528,_
5529,_
5530,_
5531,_
5532,_
5533,_
5534,_
5535,_
5536,_
5537,_
5538,_
5539,_
5540,_
5541,_
5542,_
5543,_
5544,_
5545,_
5546,_
5547,_
5548,_
5549,_
5550,_
5551,_
5552,_
5553,_
5554,_
5555,_
5556,_
5557,_
5558,_
5559,_
5560,_
5561,_
5562,_
5563,_
5564,_
5565,_
5566,_
5567,_
5568,_
5569,_
5570,_
5571,_
5572,_
5573,_
5574,_
5575,_
5576,_
5577,_
5578,_
5579,_
5580,_
5581,_
5582,_
5583,_
5584,_
5585,_
5586,_
5587,_
5588,_
5589,_
5590,_
5591,_
5592,_
5593,_
5594,_
5595,_
5596,_
5597,_
5598,_
5599,_
5600,_
5601,_
5602,_
5603,_
5604,_
5605,_
5606,_
5607,_
5608,_
5609,_
5610,_
5611,_
5612,_
5613,_
5614,_
5615,_
5616,_
5617,_
5618,_
5619,_
5620,_
5621,_
5622,_
5623,_
5624,_
5625,_
5626,_
5627,_
5628,_
5629,_
5630,_
5631,_
5632,_
5633,_
5634,_
5635,_
5636,_
5637,_
5638,_
5639,_
5640,_
5641,_
5642,_
5643,_
5644,_
5645,_
5646,_
5647,_
5648,_
5649,_
5650,_
5651,_
5652,_
5653,_
5654,_
5655,_
5656,_
5657,_
5658,_
5659,_
5660,_
5661,_
5662,_
5663,_
5664,_
5665,_
5666,_
5667,_
5668,_
5669,_
5670,_
5671,_
5672,_
5673,_
5674,_
5675,_
5676,_
5677,_
5678,_
5679,_
5680,_
5681,_
5682,_
5683,_
5684,_
5685,_
5686,_
5687,_
5688,_
5689,_
5690,_
5691,_
5692,_
5693,_
5694,_
5695,_
5696,_
5697,_
5698,_
5699,_
5700,_
5701,_
5702,_
5703,_
5704,_
5705,_
5706,_
5707,_
5708,_
5709,_
5710,_
5711,_
5712,_
5713,_
5714,_
5715,_
5716,_
5717,_
5718,_
5719,_
5720,_
5721,_
5722,_
5723,_
5724,_
5725,_
5726,_
5727,_
5728,_
5729,_
5730,_
5731,_
5732,_
5733,_
5734,_
5735,_
5736,_
5737,_
5738,_
5739,_
5740,_
5741,_
5742,_
5743,_
5744,_
5745,_
5746,_
5747,_
5748,_
5749,_
5750,_
5751,_
5752,_
5753,_
5754,_
5755,_
5756,_
5757,_
5758,_
5759,_
5760,_
5761,_
5762,_
5763,_
5764,_
5765,_
5766,_
5767,_
5768,_
5769,_
5770,_
5771,_
5772,_
5773,_
5774,_
5775,_
5776,_
5777,_
5778,_
5779,_
5780,_
5781,_
5782,_
5783,_
5784,_
5785,_
5786,_
5787,_
5788,_
5789,_
5790,_
5791,_
5792,_
5793,_
5794,_
5795,_
5796,_
5797,_
5798,_
5799,_
5800,_
5801,_
5802,_
5803,_
5804,_
5805,_
5806,_
5807,_
5808,_
5809,_
5810,_
5811,_
5812,_
5813,_
5814,_
5815,_
5816,_
5817,_
5818,_
5819,_
5820,_
5821,_
5822,_
5823,_
5824,_
5825,_
5826,_
5827,_
5828,_
5829,_
5830,_
5831,_
5832,_
5833,_
5834,_
5835,_
5836,_
5837,_
5838,_
5839,_
5840,_
5841,_
5842,_
5843,_
5844,_
5845,_
5846,_
5847,_
5848,_
5849,_
5850,_
5851,_
5852,_
5853,_
5854,_
5855,_
5856,_
5857,_
5858,_
5859,_
5860,_
5861,_
5862,_
5863,_
5864,_
5865,_
5866,_
5867,_
5868,_
5869,_
5870,_
5871,_
5872,_
5873,_
5874,_
5875,_
5876,_
5877,_
5878,_
5879,_
5880,_
5881,_
5882,_
5883,_
5884,_
5885,_
5886,_
5887,_
5888,_
5889,_
5890,_
5891,_
5892,_
5893,_
5894,_
5895,_
5896,_
5897,_
5898,_
5899,_
5900,_
5901,_
5902,_
5903,_
5904,_
5905,_
5906,_
5907,_
5908,_
5909,_
5910,_
5911,_
5912,_
5913,_
5914,_
5915,_
5916,_
5917,_
5918,_
5919,_
5920,_
5921,_
5922,_
5923,_
5924,_
5925,_
5926,_
5927,_
5928,_
5929,_
5930,_
5931,_
5932,_
5933,_
5934,_
5935,_
5936,_
5937,_
5938,_
5939,_
5940,_
5941,_
5942,_
5943,_
5944,_
5945,_
5946,_
5947,_
5948,_
5949,_
5950,_
5951,_
5952,_
5953,_
5954,_
5955,_
5956,_
5957,_
5958,_
5959,_
5960,_
5961,_
5962,_
5963,_
5964,_
5965,_
5966,_
5967,_
5968,_
5969,_
5970,_
5971,_
5972,_
5973,_
5974,_
5975,_
5976,_
5977,_
5978,_
5979,_
5980,_
5981,_
5982,_
5983,_
5984,_
5985,_
5986,_
5987,_
5988,_
5989,_
5990,_
5991,_
5992,_
5993,_
5994,_
5995,_
5996,_
5997,_
5998,_
5999,_
6000,_
6001,_
6002,_
6003,_
6004,_
6005,_
6006,_
6007,_
6008,_
6009,_
6010,_
6011,_
6012,_
6013,_
6014,_
6015,_
6016,_
6017,_
6018,_
6019,_
6020,_
6021,_
6022,_
6023,_
6024,_
6025,_
6026,_
6027,_
6028,_
6029,_
6030,_
6031,_
6032,_
6033,_
6034,_
6035,_
6036,_
6037,_
6038,_
6039,_
6040,_
6041,_
6042,_
6043,_
6044,_
6045,_
6046,_
6047,_
6048,_
6049,_
6050,_
6051,_
6052,_
6053,_
6054,_
6055,_
6056,_
6057,_
6058,_
6059,_
6060,_
6061,_
6062,_
6063,_
6064,_
6065,_
6066,_
6067,_
6068,_
6069,_
6070,_
6071,_
6072,_
6073,_
6074,_
6075,_
6076,_
6077,_
6078,_
6079,_
6080,_
6081,_
6082,_
6083,_
6084,_
6085,_
6086,_
6087,_
6088,_
6089,_
6090,_
6091,_
6092,_
6093,_
6094,_
6095,_
6096,_
6097,_
6098,_
6099,_
6100,_
6101,_
6102,_
6103,_
6104,_
6105,_
6106,_
6107,_
6108,_
6109,_
6110,_
6111,_
6112,_
6113,_
6114,_
6115,_
6116,_
6117,_
6118,_
6119,_
6120,_
6121,_
6122,_
6123,_
6124,_
6125,_
6126,_
6127,_
6128,_
6129,_
6130,_
6131,_
6132,_
6133,_
6134,_
6135,_
6136,_
6137,_
6138,_
6139,_
6140,_
6141,_
6142,_
6143,_
6144,_
6145,_
6146,_
6147,_
6148,_
6149,_
6150,_
6151,_
6152,_
6153,_
6154,_
6155,_
6156,_
6157,_
6158,_
6159,_
6160,_
6161,_
6162,_
6163,_
6164,_
6165,_
6166,_
6167,_
6168,_
6169,_
6170,_
6171,_
6172,_
6173,_
6174,_
6175,_
6176,_
6177,_
6178,_
6179,_
6180,_
6181,_
6182,_
6183,_
6184,_
6185,_
6186,_
6187,_
6188,_
6189,_
6190,_
6191,_
6192,_
6193,_
6194,_
6195,_
6196,_
6197,_
6198,_
6199,_
6200,_
6201,_
6202,_
6203,_
6204,_
6205,_
6206,_
6207,_
6208,_
6209,_
6210,_
6211,_
6212,_
6213,_
6214,_
6215,_
6216,_
6217,_
6218,_
6219,_
6220,_
6221,_
6222,_
6223,_
6224,_
6225,_
6226,_
6227,_
6228,_
6229,_
6230,_
6231,_
6232,_
6233,_
6234,_
6235,_
6236,_
6237,_
6238,_
6239,_
6240,_
6241,_
6242,_
6243,_
6244,_
6245,_
6246,_
6247,_
6248,_
6249,_
6250,_
6251,_
6252,_
6253,_
6254,_
6255,_
6256,_
6257,_
6258,_
6259,_
6260,_
6261,_
6262,_
6263,_
6264,_
6265,_
6266,_
6267,_
6268,_
6269,_
6270,_
6271,_
6272,_
6273,_
6274,_
6275,_
6276,_
6277,_
6278,_
6279,_
6280,_
6281,_
6282,_
6283,_
6284,_
6285,_
6286,_
6287,_
6288,_
6289,_
6290,_
6291,_
6292,_
6293,_
6294,_
6295,_
6296,_
6297,_
6298,_
6299,_
6300,_
6301,_
6302,_
6303,_
6304,_
6305,_
6306,_
6307,_
6308,_
6309,_
6310,_
6311,_
6312,_
6313,_
6314,_
6315,_
6316,_
6317,_
6318,_
6319,_
6320,_
6321,_
6322,_
6323,_
6324,_
6325,_
6326,_
6327,_
6328,_
6329,_
6330,_
6331,_
6332,_
6333,_
6334,_
6335,_
6336,_
6337,_
6338,_
6339,_
6340,_
6341,_
6342,_
6343,_
6344,_
6345,_
6346,_
6347,_
6348,_
6349,_
6350,_
6351,_
6352,_
6353,_
6354,_
6355,_
6356,_
6357,_
6358,_
6359,_
6360,_
6361,_
6362,_
6363,_
6364,_
6365,_
6366,_
6367,_
6368,_
6369,_
6370,_
6371,_
6372,_
6373,_
6374,_
6375,_
6376,_
6377,_
6378,_
6379,_
6380,_
6381,_
6382,_
6383,_
6384,_
6385,_
6386,_
6387,_
6388,_
6389,_
6390,_
6391,_
6392,_
6393,_
6394,_
6395,_
6396,_
6397,_
6398,_
6399,_
6400,_
6401,_
6402,_
6403,_
6404,_
6405,_
6406,_
6407,_
6408,_
6409,_
6410,_
6411,_
6412,_
6413,_
6414,_
6415,_
6416,_
6417,_
6418,_
6419,_
6420,_
6421,_
6422,_
6423,_
6424,_
6425,_
6426,_
6427,_
6428,_
6429,_
6430,_
6431,_
6432,_
6433,_
6434,_
6435,_
6436,_
6437,_
6438,_
6439,_
6440,_
6441,_
6442,_
6443,_
6444,_
6445,_
6446,_
6447,_
6448,_
6449,_
6450,_
6451,_
6452,_
6453,_
6454,_
6455,_
6456,_
6457,_
6458,_
6459,_
6460,_
6461,_
6462,_
6463,_
6464,_
6465,_
6466,_
6467,_
6468,_
6469,_
6470,_
6471,_
6472,_
6473,_
6474,_
6475,_
6476,_
6477,_
6478,_
6479,_
6480,_
6481,_
6482,_
6483,_
6484,_
6485,_
6486,_
6487,_
6488,_
6489,_
6490,_
6491,_
6492,_
6493,_
6494,_
6495,_
6496,_
6497,_
6498,_
6499,_
6500,_
6501,_
6502,_
6503,_
6504,_
6505,_
6506,_
6507,_
6508,_
6509,_
6510,_
6511,_
6512,_
6513,_
6514,_
6515,_
6516,_
6517,_
6518,_
6519,_
6520,_
6521,_
6522,_
6523,_
6524,_
6525,_
6526,_
6527,_
6528,_
6529,_
6530,_
6531,_
6532,_
6533,_
6534,_
6535,_
6536,_
6537,_
6538,_
6539,_
6540,_
6541,_
6542,_
6543,_
6544,_
6545,_
6546,_
6547,_
6548,_
6549,_
6550,_
6551,_
6552,_
6553,_
6554,_
6555,_
6556,_
6557,_
6558,_
6559,_
6560,_
6561,_
6562,_
6563,_
6564,_
6565,_
6566,_
6567,_
6568,_
6569,_
6570,_
6571,_
6572,_
6573,_
6574,_
6575,_
6576,_
6577,_
6578,_
6579,_
6580,_
6581,_
6582,_
6583,_
6584,_
6585,_
6586,_
6587,_
6588,_
6589,_
6590,_
6591,_
6592,_
6593,_
6594,_
6595,_
6596,_
6597,_
6598,_
6599,_
6600,_
6601,_
6602,_
6603,_
6604,_
6605,_
6606,_
6607,_
6608,_
6609,_
6610,_
6611,_
6612,_
6613,_
6614,_
6615,_
6616,_
6617,_
6618,_
6619,_
6620,_
6621,_
6622,_
6623,_
6624,_
6625,_
6626,_
6627,_
6628,_
6629,_
6630,_
6631,_
6632,_
6633,_
6634,_
6635,_
6636,_
6637,_
6638,_
6639,_
6640,_
6641,_
6642,_
6643,_
6644,_
6645,_
6646,_
6647,_
6648,_
6649,_
6650,_
6651,_
6652,_
6653,_
6654,_
6655,_
6656,_
6657,_
6658,_
6659,_
6660,_
6661,_
6662,_
6663,_
6664,_
6665,_
6666,_
6667,_
6668,_
6669,_
6670,_
6671,_
6672,_
6673,_
6674,_
6675,_
6676,_
6677,_
6678,_
6679,_
6680,_
6681,_
6682,_
6683,_
6684,_
6685,_
6686,_
6687,_
6688,_
6689,_
6690,_
6691,_
6692,_
6693,_
6694,_
6695,_
6696,_
6697,_
6698,_
6699,_
6700,_
6701,_
6702,_
6703,_
6704,_
6705,_
6706,_
6707,_
6708,_
6709,_
6710,_
6711,_
6712,_
6713,_
6714,_
6715,_
6716,_
6717,_
6718,_
6719,_
6720,_
6721,_
6722,_
6723,_
6724,_
6725,_
6726,_
6727,_
6728,_
6729,_
6730,_
6731,_
6732,_
6733,_
6734,_
6735,_
6736,_
6737,_
6738,_
6739,_
6740,_
6741,_
6742,_
6743,_
6744,_
6745,_
6746,_
6747,_
6748,_
6749,_
6750,_
6751,_
6752,_
6753,_
6754,_
6755,_
6756,_
6757,_
6758,_
6759,_
6760,_
6761,_
6762,_
6763,_
6764,_
6765,_
6766,_
6767,_
6768,_
6769,_
6770,_
6771,_
6772,_
6773,_
6774,_
6775,_
6776,_
6777,_
6778,_
6779,_
6780,_
6781,_
6782,_
6783,_
6784,_
6785,_
6786,_
6787,_
6788,_
6789,_
6790,_
6791,_
6792,_
6793,_
6794,_
6795,_
6796,_
6797,_
6798,_
6799,_
6800,_
6801,_
6802,_
6803,_
6804,_
6805,_
6806,_
6807,_
6808,_
6809,_
6810,_
6811,_
6812,_
6813,_
6814,_
6815,_
6816,_
6817,_
6818,_
6819,_
6820,_
6821,_
6822,_
6823,_
6824,_
6825,_
6826,_
6827,_
6828,_
6829,_
6830,_
6831,_
6832,_
6833,_
6834,_
6835,_
6836,_
6837,_
6838,_
6839,_
6840,_
6841,_
6842,_
6843,_
6844,_
6845,_
6846,_
6847,_
6848,_
6849,_
6850,_
6851,_
6852,_
6853,_
6854,_
6855,_
6856,_
6857,_
6858,_
6859,_
6860,_
6861,_
6862,_
6863,_
6864,_
6865,_
6866,_
6867,_
6868,_
6869,_
6870,_
6871,_
6872,_
6873,_
6874,_
6875,_
6876,_
6877,_
6878,_
6879,_
6880,_
6881,_
6882,_
6883,_
6884,_
6885,_
6886,_
6887,_
6888,_
6889,_
6890,_
6891,_
6892,_
6893,_
6894,_
6895,_
6896,_
6897,_
6898,_
6899,_
6900,_
6901,_
6902,_
6903,_
6904,_
6905,_
6906,_
6907,_
6908,_
6909,_
6910,_
6911,_
6912,_
6913,_
6914,_
6915,_
6916,_
6917,_
6918,_
6919,_
6920,_
6921,_
6922,_
6923,_
6924,_
6925,_
6926,_
6927,_
6928,_
6929,_
6930,_
6931,_
6932,_
6933,_
6934,_
6935,_
6936,_
6937,_
6938,_
6939,_
6940,_
6941,_
6942,_
6943,_
6944,_
6945,_
6946,_
6947,_
6948,_
6949,_
6950,_
6951,_
6952,_
6953,_
6954,_
6955,_
6956,_
6957,_
6958,_
6959,_
6960,_
6961,_
6962,_
6963,_
6964,_
6965,_
6966,_
6967,_
6968,_
6969,_
6970,_
6971,_
6972,_
6973,_
6974,_
6975,_
6976,_
6977,_
6978,_
6979,_
6980,_
6981,_
6982,_
6983,_
6984,_
6985,_
6986,_
6987,_
6988,_
6989,_
6990,_
6991,_
6992,_
6993,_
6994,_
6995,_
6996,_
6997,_
6998,_
6999,_
7000,_
7001,_
7002,_
7003,_
7004,_
7005,_
7006,_
7007,_
7008,_
7009,_
7010,_
7011,_
7012,_
7013,_
7014,_
7015,_
7016,_
7017,_
7018,_
7019,_
7020,_
7021,_
7022,_
7023,_
7024,_
7025,_
7026,_
7027,_
7028,_
7029,_
7030,_
7031,_
7032,_
7033,_
7034,_
7035,_
7036,_
7037,_
7038,_
7039,_
7040,_
7041,_
7042,_
7043,_
7044,_
7045,_
7046,_
7047,_
7048,_
7049,_
7050,_
7051,_
7052,_
7053,_
7054,_
7055,_
7056,_
7057,_
7058,_
7059,_
7060,_
7061,_
7062,_
7063,_
7064,_
7065,_
7066,_
7067,_
7068,_
7069,_
7070,_
7071,_
7072,_
7073,_
7074,_
7075,_
7076,_
7077,_
7078,_
7079,_
7080,_
7081,_
7082,_
7083,_
7084,_
7085,_
7086,_
7087,_
7088,_
7089,_
7090,_
7091,_
7092,_
7093,_
7094,_
7095,_
7096,_
7097,_
7098,_
7099,_
7100,_
7101,_
7102,_
7103,_
7104,_
7105,_
7106,_
7107,_
7108,_
7109,_
7110,_
7111,_
7112,_
7113,_
7114,_
7115,_
7116,_
7117,_
7118,_
7119,_
7120,_
7121,_
7122,_
7123,_
7124,_
7125,_
7126,_
7127,_
7128,_
7129,_
7130,_
7131,_
7132,_
7133,_
7134,_
7135,_
7136,_
7137,_
7138,_
7139,_
7140,_
7141,_
7142,_
7143,_
7144,_
7145,_
7146,_
7147,_
7148,_
7149,_
7150,_
7151,_
7152,_
7153,_
7154,_
7155,_
7156,_
7157,_
7158,_
7159,_
7160,_
7161,_
7162,_
7163,_
7164,_
7165,_
7166,_
7167,_
7168,_
7169,_
7170,_
7171,_
7172,_
7173,_
7174,_
7175,_
7176,_
7177,_
7178,_
7179,_
7180,_
7181,_
7182,_
7183,_
7184,_
7185,_
7186,_
7187,_
7188,_
7189,_
7190,_
7191,_
7192,_
7193,_
7194,_
7195,_
7196,_
7197,_
7198,_
7199,_
7200,_
7201,_
7202,_
7203,_
7204,_
7205,_
7206,_
7207,_
7208,_
7209,_
7210,_
7211,_
7212,_
7213,_
7214,_
7215,_
7216,_
7217,_
7218,_
7219,_
7220,_
7221,_
7222,_
7223,_
7224,_
7225,_
7226,_
7227,_
7228,_
7229,_
7230,_
7231,_
7232,_
7233,_
7234,_
7235,_
7236,_
7237,_
7238,_
7239,_
7240,_
7241,_
7242,_
7243,_
7244,_
7245,_
7246,_
7247,_
7248,_
7249,_
7250,_
7251,_
7252,_
7253,_
7254,_
7255,_
7256,_
7257,_
7258,_
7259,_
7260,_
7261,_
7262,_
7263,_
7264,_
7265,_
7266,_
7267,_
7268,_
7269,_
7270,_
7271,_
7272,_
7273,_
7274,_
7275,_
7276,_
7277,_
7278,_
7279,_
7280,_
7281,_
7282,_
7283,_
7284,_
7285,_
7286,_
7287,_
7288,_
7289,_
7290,_
7291,_
7292,_
7293,_
7294,_
7295,_
7296,_
7297,_
7298,_
7299,_
7300,_
7301,_
7302,_
7303,_
7304,_
7305,_
7306,_
7307,_
7308,_
7309,_
7310,_
7311,_
7312,_
7313,_
7314,_
7315,_
7316,_
7317,_
7318,_
7319,_
7320,_
7321,_
7322,_
7323,_
7324,_
7325,_
7326,_
7327,_
7328,_
7329,_
7330,_
7331,_
7332,_
7333,_
7334,_
7335,_
7336,_
7337,_
7338,_
7339,_
7340,_
7341,_
7342,_
7343,_
7344,_
7345,_
7346,_
7347,_
7348,_
7349,_
7350,_
7351,_
7352,_
7353,_
7354,_
7355,_
7356,_
7357,_
7358,_
7359,_
7360,_
7361,_
7362,_
7363,_
7364,_
7365,_
7366,_
7367,_
7368,_
7369,_
7370,_
7371,_
7372,_
7373,_
7374,_
7375,_
7376,_
7377,_
7378,_
7379,_
7380,_
7381,_
7382,_
7383,_
7384,_
7385,_
7386,_
7387,_
7388,_
7389,_
7390,_
7391,_
7392,_
7393,_
7394,_
7395,_
7396,_
7397,_
7398,_
7399,_
7400,_
7401,_
7402,_
7403,_
7404,_
7405,_
7406,_
7407,_
7408,_
7409,_
7410,_
7411,_
7412,_
7413,_
7414,_
7415,_
7416,_
7417,_
7418,_
7419,_
7420,_
7421,_
7422,_
7423,_
7424,_
7425,_
7426,_
7427,_
7428,_
7429,_
7430,_
7431,_
7432,_
7433,_
7434,_
7435,_
7436,_
7437,_
7438,_
7439,_
7440,_
7441,_
7442,_
7443,_
7444,_
7445,_
7446,_
7447,_
7448,_
7449,_
7450,_
7451,_
7452,_
7453,_
7454,_
7455,_
7456,_
7457,_
7458,_
7459,_
7460,_
7461,_
7462,_
7463,_
7464,_
7465,_
7466,_
7467,_
7468,_
7469,_
7470,_
7471,_
7472,_
7473,_
7474,_
7475,_
7476,_
7477,_
7478,_
7479,_
7480,_
7481,_
7482,_
7483,_
7484,_
7485,_
7486,_
7487,_
7488,_
7489,_
7490,_
7491,_
7492,_
7493,_
7494,_
7495,_
7496,_
7497,_
7498,_
7499,_
7500,_
7501,_
7502,_
7503,_
7504,_
7505,_
7506,_
7507,_
7508,_
7509,_
7510,_
7511,_
7512,_
7513,_
7514,_
7515,_
7516,_
7517,_
7518,_
7519,_
7520,_
7521,_
7522,_
7523,_
7524,_
7525,_
7526,_
7527,_
7528,_
7529,_
7530,_
7531,_
7532,_
7533,_
7534,_
7535,_
7536,_
7537,_
7538,_
7539,_
7540,_
7541,_
7542,_
7543,_
7544,_
7545,_
7546,_
7547,_
7548,_
7549,_
7550,_
7551,_
7552,_
7553,_
7554,_
7555,_
7556,_
7557,_
7558,_
7559,_
7560,_
7561,_
7562,_
7563,_
7564,_
7565,_
7566,_
7567,_
7568,_
7569,_
7570,_
7571,_
7572,_
7573,_
7574,_
7575,_
7576,_
7577,_
7578,_
7579,_
7580,_
7581,_
7582,_
7583,_
7584,_
7585,_
7586,_
7587,_
7588,_
7589,_
7590,_
7591,_
7592,_
7593,_
7594,_
7595,_
7596,_
7597,_
7598,_
7599,_
7600,_
7601,_
7602,_
7603,_
7604,_
7605,_
7606,_
7607,_
7608,_
7609,_
7610,_
7611,_
7612,_
7613,_
7614,_
7615,_
7616,_
7617,_
7618,_
7619,_
7620,_
7621,_
7622,_
7623,_
7624,_
7625,_
7626,_
7627,_
7628,_
7629,_
7630,_
7631,_
7632,_
7633,_
7634,_
7635,_
7636,_
7637,_
7638,_
7639,_
7640,_
7641,_
7642,_
7643,_
7644,_
7645,_
7646,_
7647,_
7648,_
7649,_
7650,_
7651,_
7652,_
7653,_
7654,_
7655,_
7656,_
7657,_
7658,_
7659,_
7660,_
7661,_
7662,_
7663,_
7664,_
7665,_
7666,_
7667,_
7668,_
7669,_
7670,_
7671,_
7672,_
7673,_
7674,_
7675,_
7676,_
7677,_
7678,_
7679,_
7680,_
7681,_
7682,_
7683,_
7684,_
7685,_
7686,_
7687,_
7688,_
7689,_
7690,_
7691,_
7692,_
7693,_
7694,_
7695,_
7696,_
7697,_
7698,_
7699,_
7700,_
7701,_
7702,_
7703,_
7704,_
7705,_
7706,_
7707,_
7708,_
7709,_
7710,_
7711,_
7712,_
7713,_
7714,_
7715,_
7716,_
7717,_
7718,_
7719,_
7720,_
7721,_
7722,_
7723,_
7724,_
7725,_
7726,_
7727,_
7728,_
7729,_
7730,_
7731,_
7732,_
7733,_
7734,_
7735,_
7736,_
7737,_
7738,_
7739,_
7740,_
7741,_
7742,_
7743,_
7744,_
7745,_
7746,_
7747,_
7748,_
7749,_
7750,_
7751,_
7752,_
7753,_
7754,_
7755,_
7756,_
7757,_
7758,_
7759,_
7760,_
7761,_
7762,_
7763,_
7764,_
7765,_
7766,_
7767,_
7768,_
7769,_
7770,_
7771,_
7772,_
7773,_
7774,_
7775,_
7776,_
7777,_
7778,_
7779,_
7780,_
7781,_
7782,_
7783,_
7784,_
7785,_
7786,_
7787,_
7788,_
7789,_
7790,_
7791,_
7792,_
7793,_
7794,_
7795,_
7796,_
7797,_
7798,_
7799,_
7800,_
7801,_
7802,_
7803,_
7804,_
7805,_
7806,_
7807,_
7808,_
7809,_
7810,_
7811,_
7812,_
7813,_
7814,_
7815,_
7816,_
7817,_
7818,_
7819,_
7820,_
7821,_
7822,_
7823,_
7824,_
7825,_
7826,_
7827,_
7828,_
7829,_
7830,_
7831,_
7832,_
7833,_
7834,_
7835,_
7836,_
7837,_
7838,_
7839,_
7840,_
7841,_
7842,_
7843,_
7844,_
7845,_
7846,_
7847,_
7848,_
7849,_
7850,_
7851,_
7852,_
7853,_
7854,_
7855,_
7856,_
7857,_
7858,_
7859,_
7860,_
7861,_
7862,_
7863,_
7864,_
7865,_
7866,_
7867,_
7868,_
7869,_
7870,_
7871,_
7872,_
7873,_
7874,_
7875,_
7876,_
7877,_
7878,_
7879,_
7880,_
7881,_
7882,_
7883,_
7884,_
7885,_
7886,_
7887,_
7888,_
7889,_
7890,_
7891,_
7892,_
7893,_
7894,_
7895,_
7896,_
7897,_
7898,_
7899,_
7900,_
7901,_
7902,_
7903,_
7904,_
7905,_
7906,_
7907,_
7908,_
7909,_
7910,_
7911,_
7912,_
7913,_
7914,_
7915,_
7916,_
7917,_
7918,_
7919,_
7920,_
7921,_
7922,_
7923,_
7924,_
7925,_
7926,_
7927,_
7928,_
7929,_
7930,_
7931,_
7932,_
7933,_
7934,_
7935,_
7936,_
7937,_
7938,_
7939,_
7940,_
7941,_
7942,_
7943,_
7944,_
7945,_
7946,_
